round,slice,metric,benign,malicious,delta
0,head,I_mean,0.01194896425918809,0.013276172646631798,0.0013272083874437072
0,head,I_sparsity,0.9859922187668937,0.9702983101209005,-0.015693908645993182
0,head,norm_g,221.67368861607142,196.41685485839844,-25.25683375767298
0,head,norm_gI,22.43345969063895,37.08345985412598,14.650000163487025
0,head,shrink_ratio,0.10027569534537802,0.19830090667667352,0.0980252113312955
0,last_block,I_mean,0.0007204863234489624,0.0006525987506999323,-6.788757274903004e-05
0,last_block,I_sparsity,1.0,1.0,0.0
0,last_block,norm_g,119.7000754220145,101.98433430989583,-17.71574111211868
0,last_block,norm_gI,0.6844178863934108,0.6106044749418894,-0.07381341145152143
0,last_block,shrink_ratio,0.005782096632765964,0.006233490427988336,0.0004513937952223719
1,head,I_mean,0.012513985192137105,0.007479524550338586,-0.005034460641798519
1,head,I_sparsity,0.9847693187849862,0.9928664167722067,0.00809709798722047
1,head,norm_g,152.75811658586775,152.80360412597656,0.045487540108808844
1,head,norm_gI,14.656018393380302,7.955209414164226,-6.7008089792160765
1,head,shrink_ratio,0.08797896417926378,0.04928148034054297,-0.038697483838720806
1,last_block,I_mean,0.0009008370065462909,0.0006444160244427621,-0.00025642098210352875
1,last_block,I_sparsity,1.0,1.0,0.0
1,last_block,norm_g,86.89151545933315,92.62109629313152,5.729580833798366
1,last_block,norm_gI,0.3628678343125752,0.3514471153418223,-0.011420718970752863
1,last_block,shrink_ratio,0.0040919984204423115,0.003767078250173733,-0.00032492017026857856
2,head,I_mean,0.009920302811743957,0.0072116741600135965,-0.002708628651730361
2,head,I_sparsity,0.9934963924544198,0.9939040342966715,0.00040764184225172695
2,head,norm_g,110.89932359967914,137.12586975097656,26.226546151297427
2,head,norm_gI,5.279016324451992,5.343182881673177,0.06416655722118492
2,head,shrink_ratio,0.04868631630987531,0.03820166907578183,-0.01048464723409348
2,last_block,I_mean,0.0007625514616458011,0.0007897513957383732,2.7199934092572058e-05
2,last_block,I_sparsity,1.0,1.0,0.0
2,last_block,norm_g,70.65550558907645,97.08656819661458,26.431062607538124
2,last_block,norm_gI,0.2156203484960965,0.304975966612498,0.0893556181164015
2,last_block,shrink_ratio,0.0031745797164583977,0.003106202039337204,-6.837767712119386e-05
3,head,I_mean,0.010993638741118568,0.008332930660496155,-0.0026607080806224127
3,head,I_sparsity,0.9879933340208871,0.9901426831881205,0.0021493491672334164
3,head,norm_g,97.57331194196429,124.8623530069987,27.28904106503441
3,head,norm_gI,6.141997746058872,5.164187828699748,-0.9778099173591244
3,head,shrink_ratio,0.06379309089049887,0.042461086979423544,-0.02133200391107532
3,last_block,I_mean,0.0008637857640029065,0.0011008609629546602,0.00023707519895175373
3,last_block,I_sparsity,1.0,1.0,0.0
3,last_block,norm_g,66.62400763375419,90.64910888671875,24.02510125296456
3,last_block,norm_gI,0.24644610285758972,0.416464904944102,0.17001880208651227
3,last_block,shrink_ratio,0.003657118877552799,0.004702749722264689,0.00104563084471189
4,head,I_mean,0.013219673718724931,0.00582563675319155,-0.007394036965533381
4,head,I_sparsity,0.9864369119916644,0.9985732833544413,0.012136371362776899
4,head,norm_g,87.28666142054966,112.77197774251302,25.485316321963353
4,head,norm_gI,5.396191392626081,2.1273303429285684,-3.2688610496975126
4,head,shrink_ratio,0.06303047578232557,0.01879984570636822,-0.044230630075957345
4,last_block,I_mean,0.0011012554251854973,0.0006342636770568788,-0.00046699174812861845
4,last_block,I_sparsity,0.9999606098447528,1.0,3.9390155247231995e-05
4,last_block,norm_g,64.78761727469308,88.78534698486328,23.997729710170205
4,last_block,norm_gI,0.32140498608350754,0.21089979509512582,-0.11050519098838171
4,last_block,shrink_ratio,0.004930480456035434,0.002340567684230804,-0.0025899127718046304
5,head,I_mean,0.010969741203423058,0.0034630371568103633,-0.007506704046612694
5,head,I_sparsity,0.9913285204342434,0.9998703002929688,0.008541779858725396
5,head,norm_g,84.30846514020648,116.44056701660156,32.13210187639508
5,head,norm_gI,5.877288341522217,1.690803309281667,-4.18648503224055
5,head,shrink_ratio,0.06791755501144098,0.014557217008760037,-0.05336033800268094
5,last_block,I_mean,0.0009236532329980816,0.0004341016853383432,-0.0004895515476597385
5,last_block,I_sparsity,1.0,1.0,0.0
5,last_block,norm_g,63.95746994018555,93.4346923828125,29.477222442626953
5,last_block,norm_gI,0.2712131653513227,0.1597650001446406,-0.11144816520668213
5,last_block,shrink_ratio,0.004142732563829352,0.0017023418233837369,-0.002440390740445615
6,head,I_mean,0.011241357840065445,0.006009035278111696,-0.0052323225619537485
6,head,I_sparsity,0.987826577254704,0.9941634138425192,0.006336836587815142
6,head,norm_g,86.42503901890346,120.32580057779948,33.90076155889602
6,head,norm_gI,5.381717051778521,3.1979556878407798,-2.1837613639377413
6,head,shrink_ratio,0.06477037304104905,0.02682103096201287,-0.03794934207903618
6,last_block,I_mean,0.0008772202085570566,0.0007913239339056114,-8.589627465144516e-05
6,last_block,I_sparsity,1.0,1.0,0.0
6,last_block,norm_g,67.2428114754813,102.7872823079427,35.5444708324614
6,last_block,norm_gI,0.24392479551689966,0.473366046945254,0.22944125142835436
6,last_block,shrink_ratio,0.003757726858648794,0.004562651394744237,0.0008049245360954435
7,head,I_mean,0.01325923008179026,0.00574390667801102,-0.007515323403779241
7,head,I_sparsity,0.9857142908232552,0.9977950851122538,0.012080794288998553
7,head,norm_g,79.29702649797711,111.46634419759114,32.16931769961403
7,head,norm_gI,5.67582505089896,2.433105707168579,-3.242719343730381
7,head,shrink_ratio,0.07290919841679475,0.022006397390174393,-0.050902801026620356
7,last_block,I_mean,0.0011693597022843147,0.0006897918065078557,-0.00047956789577645906
7,last_block,I_sparsity,1.0,1.0,0.0
7,last_block,norm_g,64.44480405535016,92.74691009521484,28.302106039864682
7,last_block,norm_gI,0.29897211704935345,0.27633821467558545,-0.022633902373768
7,last_block,shrink_ratio,0.004843457115930947,0.0029800639780494815,-0.0018633931378814654
8,head,I_mean,0.015807622644518102,0.003074329850884775,-0.012733292793633328
8,head,I_sparsity,0.9854363628796169,1.0,0.01456363712038311
8,head,norm_g,77.48944854736328,111.47921244303386,33.98976389567058
8,head,norm_gI,7.840709515980312,1.1567114194234211,-6.683998096556891
8,head,shrink_ratio,0.10527080168576543,0.010047134741519187,-0.09522366694424624
8,last_block,I_mean,0.0013711695708999677,0.0004065282118972391,-0.0009646413590027286
8,last_block,I_sparsity,1.0,1.0,0.0
8,last_block,norm_g,64.90138953072685,93.30333201090495,28.401942480178107
8,last_block,norm_gI,0.36090655837740215,0.14249378442764282,-0.21841277394975933
8,last_block,shrink_ratio,0.005721358178008981,0.0015238327531080047,-0.004197525424900976
9,head,I_mean,0.016373788538788046,0.0035777191321055093,-0.012796069406682537
9,head,I_sparsity,0.9780433518545968,0.9997406005859375,0.021697248731340713
9,head,norm_g,81.6637954711914,105.14333852132161,23.479543050130204
9,head,norm_gI,6.739132813044956,1.7573359807332356,-4.981796832311721
9,head,shrink_ratio,0.08439304933886829,0.016985860907518645,-0.06740718843134964
9,last_block,I_mean,0.001474594364741019,0.00048386067889320355,-0.0009907336858478153
9,last_block,I_sparsity,0.9999934349741254,1.0,6.565025874594177e-06
9,last_block,norm_g,74.849851335798,89.30466715494792,14.454815819149928
9,last_block,norm_gI,0.43039600764002117,0.1821451410651207,-0.24825086657490048
9,last_block,shrink_ratio,0.005728657908058274,0.002043335121340852,-0.003685322786717422
10,head,I_mean,0.014187873075050967,0.002428794357304772,-0.011759078717746195
10,head,I_sparsity,0.9874374696186611,1.0,0.012562530381338921
10,head,norm_g,77.21366664341518,113.59114583333333,36.37747918991815
10,head,norm_gI,6.050263983862741,1.1054013967514038,-4.944862587111337
10,head,shrink_ratio,0.0778878389305691,0.009762661241027903,-0.0681251776895412
10,last_block,I_mean,0.0012315193390739815,0.00031708810517253977,-0.0009144312339014417
10,last_block,I_sparsity,1.0,1.0,0.0
10,last_block,norm_g,65.79686955043248,95.94619242350261,30.149322873070133
10,last_block,norm_gI,0.32334896070616587,0.12210305531819661,-0.20124590538796927
10,last_block,shrink_ratio,0.004869738209297635,0.0012678646280159147,-0.00360187358128172
11,head,I_mean,0.015022933882262026,0.003589885503364106,-0.01143304837889792
11,head,I_sparsity,0.9886603610856193,0.9990920821825663,0.010431721096947011
11,head,norm_g,77.39117867606026,107.0819600423177,29.69078136625744
11,head,norm_gI,5.9133047716958185,1.4291478395462036,-4.484156932149615
11,head,shrink_ratio,0.07793380049924369,0.013560975667080697,-0.06437282483216299
11,last_block,I_mean,0.0013695007572615786,0.0004882263019680977,-0.0008812744552934809
11,last_block,I_sparsity,0.9999934349741254,1.0,6.565025874594177e-06
11,last_block,norm_g,67.03748049054828,90.38565063476562,23.34817014421735
11,last_block,norm_gI,0.34723550507000517,0.2457895576953888,-0.10144594737461637
11,last_block,shrink_ratio,0.005246090427081161,0.0026584981243856585,-0.002587592302695503
12,head,I_mean,0.016536645591259003,0.004560665925964713,-0.01197597966529429
12,head,I_sparsity,0.9790439179965428,0.9996109008789062,0.02056698288236347
12,head,norm_g,76.54740578787667,106.87147013346355,30.324064345586876
12,head,norm_gI,6.819215893745422,1.9875590602556865,-4.831656833489736
12,head,shrink_ratio,0.08670603525063143,0.018526787807497003,-0.06817924744313443
12,last_block,I_mean,0.0014289906082142676,0.0006595397717319429,-0.0007694508364823247
12,last_block,I_sparsity,1.0,1.0,0.0
12,last_block,norm_g,65.07959965297154,94.01249186197917,28.932892209007633
12,last_block,norm_gI,0.3687250018119812,0.24917992701133093,-0.11954507480065027
12,last_block,shrink_ratio,0.005552363723206051,0.002598227333795463,-0.002954136389410588
13,head,I_mean,0.013921227173081465,0.002511277406786879,-0.011409949766294586
13,head,I_sparsity,0.9892718195915222,1.0,0.010728180408477783
13,head,norm_g,78.1761234828404,108.62465922037761,30.448535737537213
13,head,norm_gI,5.255342994417463,1.072708825270335,-4.182634169147128
13,head,shrink_ratio,0.06511819208342488,0.00959472835391442,-0.05552346372951046
13,last_block,I_mean,0.0012726005516014993,0.0003537142426163579,-0.0009188863089851413
13,last_block,I_sparsity,0.9999934349741254,1.0,6.565025874594177e-06
13,last_block,norm_g,66.77613885062081,93.95836385091145,27.182225000290643
13,last_block,norm_gI,0.35004377152238575,0.12546055763959885,-0.2245832138827869
13,last_block,shrink_ratio,0.00543648174322806,0.0013236683941393941,-0.004112813349088666
14,head,I_mean,0.016529728126313006,0.002689226375271877,-0.013840501751041128
14,head,I_sparsity,0.9781545315470014,1.0,0.021845468452998618
14,head,norm_g,76.82047053745815,105.81255849202473,28.992087954566585
14,head,norm_gI,6.227603384426662,1.0985140999158223,-5.12908928451084
14,head,shrink_ratio,0.08266325608801388,0.010323955219146017,-0.07233930086886786
14,last_block,I_mean,0.0014031312145691896,0.0003519029220721374,-0.0010512282924970522
14,last_block,I_sparsity,0.99992778471538,1.0,7.221528461998084e-05
14,last_block,norm_g,65.83032335553851,90.63550567626953,24.80518232073102
14,last_block,norm_gI,0.4016987958124706,0.13784627864758173,-0.2638525171648889
14,last_block,shrink_ratio,0.006094824590345703,0.0014992171725300117,-0.004595607417815692
15,head,I_mean,0.016236682954643453,0.00494305812753737,-0.011293624827106084
15,head,I_sparsity,0.9837687696729388,0.9974059661229452,0.013637196450006384
15,head,norm_g,76.76128496442523,109.06260681152344,32.30132184709821
15,head,norm_gI,5.363795348576137,2.7111146450042725,-2.652680703571865
15,head,shrink_ratio,0.06931167545457552,0.025343462547317213,-0.0439682129072583
15,last_block,I_mean,0.0015003885491751134,0.0006671680797201892,-0.0008332204694549242
15,last_block,I_sparsity,0.9999934349741254,1.0,6.565025874594177e-06
15,last_block,norm_g,66.96431950160435,91.85048421223958,24.886164710635228
15,last_block,norm_gI,0.3893092317240579,0.3364611566066742,-0.05284807511738371
15,last_block,shrink_ratio,0.005740140967389076,0.0036856433615615795,-0.002054497605827497
16,head,I_mean,0.01509992964565754,0.00622866244520992,-0.008871267200447619
16,head,I_sparsity,0.9883824416569301,0.9971465667088827,0.008764125051952565
16,head,norm_g,76.85334014892578,104.27022552490234,27.416885375976562
16,head,norm_gI,5.829603127070835,2.0659815768400827,-3.7636215502307526
16,head,shrink_ratio,0.07484777799172174,0.020442126375866856,-0.05440565161585488
16,last_block,I_mean,0.0014805772308526294,0.0008280302087465922,-0.0006525470221060372
16,last_block,I_sparsity,0.9999540448188782,1.0,4.595518112182617e-05
16,last_block,norm_g,66.39531435285296,90.20529429117839,23.809979938325426
16,last_block,norm_gI,0.39478844829968046,0.23763049642244974,-0.15715795187723072
16,last_block,shrink_ratio,0.00583214520025478,0.002674460434920986,-0.003157684765333794
17,head,I_mean,0.0162283115621124,0.005544103720846276,-0.010684207841266124
17,head,I_sparsity,0.9843802111489433,0.9959792494773865,0.011599038328443223
17,head,norm_g,77.27096557617188,105.91190338134766,28.64093780517578
17,head,norm_gI,4.573420524597168,2.957723299662272,-1.615697224934896
17,head,shrink_ratio,0.06042858870776637,0.02682106634051194,-0.033607522367254436
17,last_block,I_mean,0.0014853812088923796,0.000771672532816107,-0.0007137086760762725
17,last_block,I_sparsity,1.0,1.0,0.0
17,last_block,norm_g,67.5001689365932,93.49348704020183,25.99331810360863
17,last_block,norm_gI,0.3517192027398518,0.32386258741219837,-0.027856615327653433
17,last_block,shrink_ratio,0.005239341352743006,0.0034115866411143637,-0.0018277547116286419
18,head,I_mean,0.016187071600662812,0.0017888226235906284,-0.014398248977072184
18,head,I_sparsity,0.9829905544008527,1.0,0.0170094455991473
18,head,norm_g,81.03309140886579,121.79798634847005,40.76489493960426
18,head,norm_gI,5.106265068054199,1.077347457408905,-4.028917610645294
18,head,shrink_ratio,0.0637404731523817,0.008947322080013448,-0.05479315107236825
18,last_block,I_mean,0.001400513865519315,0.0002494585302580769,-0.001151055335261238
18,last_block,I_sparsity,0.9999606098447528,1.0,3.9390155247231995e-05
18,last_block,norm_g,68.85895047869,108.39234415690105,39.53339367821104
18,last_block,norm_gI,0.34131628062043873,0.12341785430908203,-0.2178984263113567
18,last_block,shrink_ratio,0.005300745330120317,0.0011238439108571172,-0.0041769014192632
19,head,I_mean,0.01823770853557757,0.0024522941869994006,-0.01578541434857817
19,head,I_sparsity,0.9769316230501447,1.0,0.023068376949855307
19,head,norm_g,82.1325432913644,91.5543696085612,9.421826317196803
19,head,norm_gI,6.283834048679897,0.8694387873013815,-5.414395261378516
19,head,shrink_ratio,0.07725888955051277,0.009921038032361574,-0.06733785151815119
19,last_block,I_mean,0.001532990044714617,0.0003494328654293592,-0.0011835571792852577
19,last_block,I_sparsity,0.9998621344566345,1.0,0.00013786554336547852
19,last_block,norm_g,69.15770448957171,85.42617289225261,16.268468402680895
19,last_block,norm_gI,0.4736592599323818,0.12055077403783798,-0.3531084858945438
19,last_block,shrink_ratio,0.006885625538684552,0.0014474217264557187,-0.005438203812228834
20,head,I_mean,0.014158443680831365,0.0012591649234915774,-0.012899278757339788
20,head,I_sparsity,0.9899388551712036,1.0,0.010061144828796387
20,head,norm_g,82.80449622017997,95.98782602945964,13.18332980927967
20,head,norm_gI,4.5948172977992465,0.39529144763946533,-4.199525850159781
20,head,shrink_ratio,0.05455182025107135,0.0039307491645144575,-0.0506210710865569
20,last_block,I_mean,0.0012803689293962503,0.00018343718935890743,-0.0010969317400373428
20,last_block,I_sparsity,1.0,1.0,0.0
20,last_block,norm_g,70.52578953334263,85.12650299072266,14.600713457380024
20,last_block,norm_gI,0.30291170520441874,0.055495653922359146,-0.2474160512820596
20,last_block,shrink_ratio,0.004389882101769413,0.0006399048626589998,-0.0037499772391104127
21,head,I_mean,0.018631481432488987,0.006557947723194957,-0.01207353370929403
21,head,I_sparsity,0.9794330256325858,0.995719850063324,0.016286824430738145
21,head,norm_g,81.91506958007812,86.9006830851237,4.985613505045578
21,head,norm_gI,5.195058737482343,1.702760100364685,-3.492298637117658
21,head,shrink_ratio,0.06243818158222895,0.02021873496208976,-0.042219446620139184
21,last_block,I_mean,0.0016204957251570054,0.0008957903385938456,-0.0007247053865631598
21,last_block,I_sparsity,0.9999934349741254,1.0,6.565025874594177e-06
21,last_block,norm_g,70.38091169084821,79.05508168538411,8.674169994535902
21,last_block,norm_gI,0.35847805440425873,0.23721551398436228,-0.12126254041989645
21,last_block,shrink_ratio,0.005088438383715988,0.00298645135656981,-0.0021019870271461777
22,head,I_mean,0.017414673497634276,0.006277857813984156,-0.01113681568365012
22,head,I_sparsity,0.9824902755873544,0.9988326827685038,0.016342407181149432
22,head,norm_g,81.91669028145927,88.08376820882161,6.167077927362342
22,head,norm_gI,5.318638954843793,1.400781015555064,-3.917857939288729
22,head,shrink_ratio,0.06031561843012629,0.015770958122215347,-0.04454466030791095
22,last_block,I_mean,0.0015503509785048664,0.0008766968773367504,-0.000673654101168116
22,last_block,I_sparsity,0.9999868699482509,1.0,1.3130051749077332e-05
22,last_block,norm_g,70.9220940726144,80.09549458821614,9.173400515601742
22,last_block,norm_gI,0.33686727711132597,0.2139971156915029,-0.12287016141982307
22,last_block,shrink_ratio,0.004529917301567452,0.002588951990549304,-0.001940965311018148
23,head,I_mean,0.02104430499353579,0.004455015645362437,-0.016589289348173355
23,head,I_sparsity,0.9722067884036473,0.9967574675877889,0.024550679184141666
23,head,norm_g,83.66437094552177,89.03589375813802,5.371522812616249
23,head,norm_gI,6.372908013207572,1.7314820090929668,-4.641426004114605
23,head,shrink_ratio,0.07462528919095575,0.01891023238865806,-0.055715056802297686
23,last_block,I_mean,0.0018270953691431455,0.0006247776667199408,-0.0012023177024232047
23,last_block,I_sparsity,1.0,1.0,0.0
23,last_block,norm_g,70.99365070887974,80.12021128336589,9.126560574486149
23,last_block,norm_gI,0.42226320930889677,0.1737205535173416,-0.24854265579155516
23,last_block,shrink_ratio,0.005913346782817143,0.0021999141171561913,-0.0037134326656609513
24,head,I_mean,0.023811734281480312,0.0024942240367333093,-0.021317510244747002
24,head,I_sparsity,0.9638688138553074,1.0,0.03613118614469257
24,head,norm_g,81.54603903634208,93.07108052571614,11.525041489374061
24,head,norm_gI,7.418816804885864,0.8944108287493387,-6.524405976136525
24,head,shrink_ratio,0.08970591295924094,0.009700290069176713,-0.08000562289006422
24,last_block,I_mean,0.0020572859793901443,0.0003558975489189227,-0.0017013884304712217
24,last_block,I_sparsity,0.9999737398965018,1.0,2.6260103498154663e-05
24,last_block,norm_g,69.59945024762835,84.22788492838542,14.628434680757067
24,last_block,norm_gI,0.48596079860414776,0.1375116085012754,-0.34844919010287234
24,last_block,shrink_ratio,0.0069710445648489905,0.0016226018608658348,-0.005348442703983156
25,head,I_mean,0.017349049182874814,0.005872061708942056,-0.011476987473932759
25,head,I_sparsity,0.9837687611579895,0.998962382475535,0.015193621317545536
25,head,norm_g,84.70456150599888,77.85523732503255,-6.8493241809663346
25,head,norm_gI,6.942542144230434,1.0269694725672405,-5.915572671663194
25,head,shrink_ratio,0.0783807708921267,0.0135694945176641,-0.0648112763744626
25,last_block,I_mean,0.001615298363114042,0.0008357674038658539,-0.000779530959248188
25,last_block,I_sparsity,1.0,1.0,0.0
25,last_block,norm_g,73.2809922354562,72.20360056559245,-1.0773916698637436
25,last_block,norm_gI,0.46390026807785034,0.19609636316696802,-0.26780390491088235
25,last_block,shrink_ratio,0.006360700385244199,0.002728386819084954,-0.0036323135661592448
26,head,I_mean,0.018407142721116543,0.002473537732536594,-0.015933604988579948
26,head,I_sparsity,0.9813785467829023,0.9996109008789062,0.01823235409600399
26,head,norm_g,89.56146458217076,78.28456115722656,-11.276903424944194
26,head,norm_gI,5.497566904340472,0.7779794732729594,-4.719587431067512
26,head,shrink_ratio,0.06058205733653483,0.009920254114992429,-0.0506618032215424
26,last_block,I_mean,0.0016594076046853193,0.0004314546143480887,-0.0012279529903372307
26,last_block,I_sparsity,1.0,1.0,0.0
26,last_block,norm_g,75.11888885498047,74.88857014973958,-0.23031870524089015
26,last_block,norm_gI,0.47172131070068907,0.1542225107550621,-0.31749879994562696
26,last_block,shrink_ratio,0.006225408508770808,0.0020684668163056274,-0.00415694169246518
27,head,I_mean,0.023236953520349095,0.00880754137566934,-0.014429412144679755
27,head,I_sparsity,0.9683713146618435,0.9968871474266052,0.028515832764761773
27,head,norm_g,85.97342463902065,80.78609720865886,-5.1873274303617904
27,head,norm_gI,7.716476099831717,1.6922286450862885,-6.024247454745429
27,head,shrink_ratio,0.08677509889767739,0.021729043076489568,-0.06504605582118782
27,last_block,I_mean,0.0020159177615174224,0.0011068495514336973,-0.000909068210083725
27,last_block,I_sparsity,0.9999803049223763,1.0,1.969507762367151e-05
27,last_block,norm_g,73.12087031773159,72.70984141031902,-0.4110289074125717
27,last_block,norm_gI,0.5637905320950917,0.22364981472492218,-0.3401407173701695
27,last_block,shrink_ratio,0.007650192408874508,0.003069620489021745,-0.004580571919852764
28,head,I_mean,0.024401992293340818,0.008135308239919445,-0.016266684053421375
28,head,I_sparsity,0.9632573638643537,0.9971465667088827,0.03388920284452901
28,head,norm_g,89.46057455880302,68.67643356323242,-20.784140995570596
28,head,norm_gI,5.894804988588605,1.359647939602534,-4.535157048986071
28,head,shrink_ratio,0.06721696731958438,0.02128910138764367,-0.0459278659319407
28,last_block,I_mean,0.0021730074825297508,0.001064267591573298,-0.0011087398909564528
28,last_block,I_sparsity,0.9999737398965018,1.0,2.6260103498154663e-05
28,last_block,norm_g,77.24514498029437,61.518201192220054,-15.726943788074315
28,last_block,norm_gI,0.5741789894444602,0.18808539832631746,-0.3860935911181428
28,last_block,shrink_ratio,0.007689801584274179,0.0031131494613165205,-0.0045766521229576584
29,head,I_mean,0.021007429409239973,0.0065177741926163435,-0.01448965521662363
29,head,I_sparsity,0.9770983968462262,0.99844358364741,0.021345186801183802
29,head,norm_g,86.04124232700893,72.05495707194011,-13.986285255068822
29,head,norm_gI,5.8762892825262885,1.0677191813786824,-4.808570101147606
29,head,shrink_ratio,0.06593013241220864,0.014823431710981933,-0.051106700701226714
29,last_block,I_mean,0.0018783806756670987,0.0008768534850484381,-0.0010015271906186605
29,last_block,I_sparsity,0.9999606098447528,1.0,3.9390155247231995e-05
29,last_block,norm_g,74.16424560546875,66.1429557800293,-8.021289825439453
29,last_block,norm_gI,0.4607625773974827,0.1895623877644539,-0.27120018963302883
29,last_block,shrink_ratio,0.006294647922637251,0.0027714321897057566,-0.0035232157329314943
30,head,I_mean,0.024710994346865585,0.016037980404992897,-0.008673013941872688
30,head,I_sparsity,0.9622012206486293,0.9954604506492615,0.033259230000632134
30,head,norm_g,98.75051988874164,50.900857289632164,-47.84966259910947
30,head,norm_gI,7.525149583816528,1.7948248783747356,-5.7303247054417925
30,head,shrink_ratio,0.07524324965516184,0.03548273543578496,-0.03976051421937688
30,last_block,I_mean,0.002098209257902844,0.0022335886800040803,0.00013537942210123648
30,last_block,I_sparsity,0.9998227443013873,1.0,0.0001772556986127105
30,last_block,norm_g,82.35218811035156,50.57394663492838,-31.77824147542318
30,last_block,norm_gI,0.6186276035649436,0.3134879618883133,-0.3051396416766303
30,last_block,shrink_ratio,0.007606440300185109,0.0061530104018785725,-0.0014534298983065368
31,head,I_mean,0.023777100523667678,0.0036082569276914,-0.020168843595976278
31,head,I_sparsity,0.9618121215275356,0.9997406005859375,0.03792847905840191
31,head,norm_g,87.04898398263114,72.69186655680339,-14.357117425827752
31,head,norm_gI,8.515711920601982,0.8311213354269663,-7.684590585175015
31,head,shrink_ratio,0.09889817810386668,0.011269611224208442,-0.08762856687965824
31,last_block,I_mean,0.00199368320006345,0.0005624638821852083,-0.001431219317878242
31,last_block,I_sparsity,0.9999540448188782,1.0,4.595518112182617e-05
31,last_block,norm_g,74.90851702008929,65.11091995239258,-9.797597067696714
31,last_block,norm_gI,0.5005788739238467,0.15936027963956198,-0.3412185942842847
31,last_block,shrink_ratio,0.006780269286228558,0.002374307203049809,-0.004405962083178748
32,head,I_mean,0.019650319258549383,0.013929151619474093,-0.00572116763907529
32,head,I_sparsity,0.9783768824168614,0.9959792494773865,0.017602367060525093
32,head,norm_g,88.46856580461774,61.343762715657554,-27.124803088960185
32,head,norm_gI,5.899557283946446,1.9064900875091553,-3.9930671964372904
32,head,shrink_ratio,0.06808554595274974,0.03128616521907767,-0.03679938073367207
32,last_block,I_mean,0.0017276080657861062,0.0017796214281891782,5.201336240307202e-05
32,last_block,I_sparsity,0.9999868699482509,1.0,1.3130051749077332e-05
32,last_block,norm_g,75.97662571498326,55.77174504597982,-20.204880669003437
32,last_block,norm_gI,0.3849387062447412,0.2837567279736201,-0.10118197827112108
32,last_block,shrink_ratio,0.005212720886055587,0.005104488998821298,-0.00010823188723428894
33,head,I_mean,0.027325585750596865,0.009732766853024563,-0.017592818897572304
33,head,I_sparsity,0.9576987198420933,0.9992218017578125,0.041523081915719184
33,head,norm_g,85.49838692801339,68.39469909667969,-17.1036878313337
33,head,norm_gI,6.886819975716727,1.326436161994934,-5.560383813721793
33,head,shrink_ratio,0.07949359505811274,0.019508389921172768,-0.05998520513693997
33,last_block,I_mean,0.0024588444170409013,0.0012758679610366623,-0.001182976456004239
33,last_block,I_sparsity,0.9996323585510254,1.0,0.0003676414489746094
33,last_block,norm_g,73.9105224609375,59.4563954671224,-14.454126993815102
33,last_block,norm_gI,0.8292754633086068,0.20007539788881937,-0.6292000654197875
33,last_block,shrink_ratio,0.01114019344827342,0.003376150377906268,-0.007764043070367151
34,head,I_mean,0.024234292496527945,0.012635573123892149,-0.011598719372635796
34,head,I_sparsity,0.9678154587745667,0.9985732833544413,0.030757824579874637
34,head,norm_g,114.7281723022461,36.51663780212402,-78.21153450012207
34,head,norm_gI,7.937527792794364,0.893868883450826,-7.043658909343538
34,head,shrink_ratio,0.06780992348064654,0.025358649989789494,-0.04245127349085705
34,last_block,I_mean,0.0020244444188262734,0.0017435663612559438,-0.0002808780575703296
34,last_block,I_sparsity,1.0,1.0,0.0
34,last_block,norm_g,97.54736982073102,39.612915674845375,-57.934454145885645
34,last_block,norm_gI,0.5212670351777758,0.18928269545237222,-0.33198433972540364
34,last_block,shrink_ratio,0.005299859325455319,0.004741083392142379,-0.00055877593331294
35,head,I_mean,0.023892198290143694,0.02273832882444064,-0.0011538694657030543
35,head,I_sparsity,0.969038358756474,0.9869001309076945,0.017861772151220423
35,head,norm_g,91.25381796700614,55.63366953531901,-35.620148431687134
35,head,norm_gI,6.491083179201398,2.875166654586792,-3.6159165246146063
35,head,shrink_ratio,0.06968107302102151,0.05189307011575423,-0.017788002905267282
35,last_block,I_mean,0.0021378955903596114,0.003067263945316275,0.0009293683549566637
35,last_block,I_sparsity,0.9999671748706273,1.0,3.282512937274884e-05
35,last_block,norm_g,78.71301596505302,50.702109018961586,-28.01090694609143
35,last_block,norm_gI,0.5220034207616534,0.3985620439052582,-0.12344137685639522
35,last_block,shrink_ratio,0.006701353200670168,0.007809526740144237,0.0011081735394740692
36,head,I_mean,0.03143218984561307,0.020703036338090897,-0.010729153507522175
36,head,I_sparsity,0.9437465241977147,0.9905317823092142,0.046785258111499584
36,head,norm_g,86.44637625558036,65.8116938273112,-20.63468242826916
36,head,norm_gI,8.920661585671562,2.7413010597229004,-6.1793605259486615
36,head,shrink_ratio,0.10252314553411015,0.04157601946382972,-0.06094712607028043
36,last_block,I_mean,0.0025671133106308325,0.0026854250269631543,0.00011831171633232187
36,last_block,I_sparsity,0.9999737398965018,1.0,2.6260103498154663e-05
36,last_block,norm_g,74.81881768362862,59.030818939208984,-15.787998744419639
36,last_block,norm_gI,0.5868604098047528,0.4209323823451996,-0.16592802745955326
36,last_block,shrink_ratio,0.007878649593441886,0.007177876623640105,-0.0007007729698017802
37,head,I_mean,0.024411284098667756,0.023193760464588802,-0.0012175236340789541
37,head,I_sparsity,0.9625347512108939,0.9846951961517334,0.022160444940839463
37,head,norm_g,86.85640062604632,71.60228220621745,-15.25411841982887
37,head,norm_gI,6.3690822805677145,3.219426949818929,-3.1496553307487853
37,head,shrink_ratio,0.07475036016346435,0.04516335084673933,-0.029587009316725026
37,last_block,I_mean,0.002087512768671981,0.0028758575208485126,0.0007883447521765318
37,last_block,I_sparsity,0.9999474797930036,1.0,5.252020699642035e-05
37,last_block,norm_g,72.95456259591239,62.87632497151693,-10.078237624395463
37,last_block,norm_gI,0.5063783398696354,0.4737469454606374,-0.03263139440899804
37,last_block,shrink_ratio,0.006945347739185729,0.0074215573169296644,0.00047620957774393517
38,head,I_mean,0.021014528615134104,0.016840933201213677,-0.004173595413920428
38,head,I_sparsity,0.9787103959492275,0.9940337141354879,0.015323318186260426
38,head,norm_g,88.78384181431362,67.37904612223308,-21.40479569208054
38,head,norm_gI,5.977188689368112,2.3338616689046225,-3.6433270204634893
38,head,shrink_ratio,0.06723514433954429,0.03460636615078557,-0.03262877818875872
38,last_block,I_mean,0.0017900658006380712,0.0021641478718568883,0.00037408207121881706
38,last_block,I_sparsity,1.0,1.0,0.0
38,last_block,norm_g,74.47400338309151,62.138572692871094,-12.33543069022042
38,last_block,norm_gI,0.4508704628263201,0.3633382320404053,-0.08753223078591482
38,last_block,shrink_ratio,0.006137482969201171,0.005913858527976261,-0.0002236244412249103
39,head,I_mean,0.03038768337241241,0.021441920039554436,-0.008945763332857973
39,head,I_sparsity,0.9537520834377834,0.9867704510688782,0.03301836763109478
39,head,norm_g,92.29716055733817,57.45657475789388,-34.84058579944429
39,head,norm_gI,9.227939810071673,2.711224675178528,-6.516715134893145
39,head,shrink_ratio,0.10029415211061765,0.04701402304628135,-0.0532801290643363
39,last_block,I_mean,0.0025863173650577664,0.0028006950936590633,0.0002143777286012969
39,last_block,I_sparsity,0.9999080896377563,1.0,9.191036224365234e-05
39,last_block,norm_g,78.30712236676898,51.718544006347656,-26.588578360421323
39,last_block,norm_gI,0.6718072039740426,0.3939187824726105,-0.2778884215014321
39,last_block,shrink_ratio,0.00851368859685332,0.00784168475142437,-0.00067200384542895
40,head,I_mean,0.027671357350690023,0.015192617662250996,-0.012478739688439027
40,head,I_sparsity,0.9581434045519147,0.9924773176511129,0.0343339130991982
40,head,norm_g,89.89469909667969,65.53516387939453,-24.359535217285156
40,head,norm_gI,6.750560862677438,2.0864334106445312,-4.664127452032907
40,head,shrink_ratio,0.07699597174985796,0.031922841527627074,-0.04507313022223089
40,last_block,I_mean,0.00233504013158381,0.0019519750106458862,-0.00038306512093792366
40,last_block,I_sparsity,0.9999212196895054,1.0,7.878031049457501e-05
40,last_block,norm_g,76.42956107003349,57.92816416422526,-18.501396905808228
40,last_block,norm_gI,0.6476273579256875,0.29116547852754593,-0.35646187939814156
40,last_block,shrink_ratio,0.008477803852854557,0.004991304165052274,-0.0034864996878022827
41,head,I_mean,0.028605526313185692,0.009463085249687234,-0.01914244106349846
41,head,I_sparsity,0.9525847605296544,0.9985732833544413,0.04598852282478694
41,head,norm_g,88.47117178780692,68.23548634847005,-20.235685439336876
41,head,norm_gI,7.17921427318028,1.2962673753499985,-5.882946897830282
41,head,shrink_ratio,0.08294209726327702,0.019575118680956332,-0.06336697858232068
41,last_block,I_mean,0.0024305369838007857,0.0011919123644474894,-0.0012386246193532963
41,last_block,I_sparsity,0.9999212196895054,1.0,7.878031049457501e-05
41,last_block,norm_g,75.46999141148159,59.269354502360024,-16.200636909121563
41,last_block,norm_gI,0.574294347848211,0.19100906203190485,-0.38328528581630616
41,last_block,shrink_ratio,0.007556371591215087,0.003226533617031902,-0.004329837974183185
42,head,I_mean,0.025322661735117435,0.017462674528360367,-0.007859987206757069
42,head,I_sparsity,0.9553084969520569,0.995201031366984,0.03989253441492713
42,head,norm_g,88.37462397984096,68.19135284423828,-20.18327113560268
42,head,norm_gI,8.652157374790736,2.4418713251749673,-6.210286049615769
42,head,shrink_ratio,0.09162940611576993,0.03571729554539236,-0.05591211057037757
42,last_block,I_mean,0.0019684327084438075,0.002244755121258398,0.0002763224128145905
42,last_block,I_sparsity,0.9999146546636309,1.0,8.534533636905817e-05
42,last_block,norm_g,73.40687070574079,62.48126983642578,-10.925600869315005
42,last_block,norm_gI,0.5825721536363874,0.36393964290618896,-0.2186325107301984
42,last_block,shrink_ratio,0.007236664978398022,0.005973162457385463,-0.0012635025210125592
43,head,I_mean,0.02669532783329487,0.007208593267326553,-0.019486734565968316
43,head,I_sparsity,0.9594774927411761,0.9990920821825663,0.03961458944139018
43,head,norm_g,91.8462884085519,61.79340744018555,-30.052880968366352
43,head,norm_gI,7.67234206199646,0.9591894944508871,-6.713152567545573
43,head,shrink_ratio,0.08349965691583305,0.01603166743275826,-0.0674679894830748
43,last_block,I_mean,0.002235248452052474,0.0009866615776748706,-0.0012485868743776034
43,last_block,I_sparsity,1.0,1.0,0.0
43,last_block,norm_g,77.22341918945312,58.18232091267904,-19.041098276774086
43,last_block,norm_gI,0.5298539485250201,0.15785793711741766,-0.3719960114076024
43,last_block,shrink_ratio,0.006779543773680252,0.0027329556580384697,-0.004046588115641782
44,head,I_mean,0.03333732831690993,0.023041239008307457,-0.010296089308602471
44,head,I_sparsity,0.9374652675219944,0.9883268475532532,0.050861580031258735
44,head,norm_g,85.88697814941406,68.5256576538086,-17.36132049560547
44,head,norm_gI,7.947202205657959,3.110192855199178,-4.83700935045878
44,head,shrink_ratio,0.0923795525781387,0.04538087363901572,-0.046998678939122976
44,last_block,I_mean,0.0028903869512890068,0.002969795217116674,7.940826582766717e-05
44,last_block,I_sparsity,0.9998818295342582,1.0,0.00011817046574180701
44,last_block,norm_g,73.63626316615513,58.69245402018229,-14.943809145972843
44,last_block,norm_gI,0.6176069762025561,0.4637344380219777,-0.1538725381805784
44,last_block,shrink_ratio,0.008406092050342288,0.007938306442670528,-0.0004677856076717602
45,head,I_mean,0.023940979902233397,0.017067983746528625,-0.006872996155704771
45,head,I_sparsity,0.9713729875428336,0.9918287992477417,0.020455811704908067
45,head,norm_g,88.10880715506417,69.60728200276692,-18.501525152297248
45,head,norm_gI,5.637521641595023,2.25675098101298,-3.380770660582043
45,head,shrink_ratio,0.06601471995869643,0.03254178596933314,-0.03347293398936329
45,last_block,I_mean,0.0020335418937195626,0.0020798470359295607,4.6305142209998075e-05
45,last_block,I_sparsity,0.9999737398965018,1.0,2.6260103498154663e-05
45,last_block,norm_g,74.4924785069057,61.21969095865885,-13.272787548246846
45,last_block,norm_gI,0.49191335269383024,0.3305922547976176,-0.16132109789621263
45,last_block,shrink_ratio,0.006737300964960624,0.005543699110307256,-0.001193601854653368
46,head,I_mean,0.024056814211819853,0.019543396309018135,-0.0045134179028017175
46,head,I_sparsity,0.9673151884760175,0.9891050656636556,0.02178987718763814
46,head,norm_g,91.27247837611607,63.205675760904946,-28.066802615211124
46,head,norm_gI,7.5904936109270364,2.2850852012634277,-5.305408409663609
46,head,shrink_ratio,0.08524808930931035,0.03615917396626605,-0.049088915343044305
46,last_block,I_mean,0.001971304582964097,0.0024905899772420526,0.0005192853942779557
46,last_block,I_sparsity,0.9999934349741254,1.0,6.565025874594177e-06
46,last_block,norm_g,76.24337550571987,56.83702723185221,-19.406348273867657
46,last_block,norm_gI,0.49716172899518696,0.35729218522707623,-0.13986954376811073
46,last_block,shrink_ratio,0.006236299987108321,0.006639759292017794,0.0004034593049094728
47,head,I_mean,0.026401075467999493,0.016647709533572197,-0.009753365934427296
47,head,I_sparsity,0.9561979004314968,0.9967574675877889,0.040559567156292164
47,head,norm_g,84.60095868791852,81.30824788411458,-3.292710803803942
47,head,norm_gI,5.997062172208514,2.5787697633107505,-3.4182924088977633
47,head,shrink_ratio,0.07440701935106865,0.03163974683527311,-0.04276727251579554
47,last_block,I_mean,0.0022089680631844594,0.0021626142164071402,-4.6353846777319116e-05
47,last_block,I_sparsity,0.9999868699482509,1.0,1.3130051749077332e-05
47,last_block,norm_g,73.51435688563755,66.5204569498698,-6.993899935767757
47,last_block,norm_gI,0.4341523881469454,0.3984846572081248,-0.035667730938820585
47,last_block,shrink_ratio,0.006115842740501358,0.006024708521892655,-9.113421860870285e-05
48,head,I_mean,0.020073641756815568,0.01955819223076105,-0.0005154495260545171
48,head,I_sparsity,0.9820455823625837,0.9897535641988119,0.007707981836228228
48,head,norm_g,85.48642294747489,68.20015462239583,-17.286268325079064
48,head,norm_gI,5.301283870424543,2.539772947629293,-2.76151092279525
48,head,shrink_ratio,0.06136662518584985,0.037129296907274796,-0.024237328278575054
48,last_block,I_mean,0.001774754109127181,0.00259939837269485,0.000824644263567669
48,last_block,I_sparsity,0.9999934349741254,1.0,6.565025874594177e-06
48,last_block,norm_g,74.55076272147042,58.42242685953776,-16.128335861932662
48,last_block,norm_gI,0.3939023954527719,0.4329974055290222,0.039095010076250325
48,last_block,shrink_ratio,0.005296836989054159,0.007520153128893608,0.0022233161398394494
49,head,I_mean,0.03098182672900813,0.014424519147723913,-0.016557307581284215
49,head,I_sparsity,0.944246803011213,0.9916990796724955,0.04745227666128249
49,head,norm_g,85.57256862095424,78.28466033935547,-7.287908281598774
49,head,norm_gI,7.854758671351841,2.173659880956014,-5.681098790395827
49,head,shrink_ratio,0.09033515903685771,0.029273906618888557,-0.061061252417969156
49,last_block,I_mean,0.0025366019025178893,0.001684168780532976,-0.0008524331219849134
49,last_block,I_sparsity,0.9999803049223763,1.0,1.969507762367151e-05
49,last_block,norm_g,73.23694610595703,69.00983810424805,-4.227108001708984
49,last_block,norm_gI,0.5535458028316498,0.31908489763736725,-0.23446090519428253
49,last_block,shrink_ratio,0.0075682711155973855,0.004839542174757462,-0.002728728940839924
50,head,I_mean,0.02550242588456188,0.022920775537689526,-0.002581650346872355
50,head,I_sparsity,0.9645914435386658,0.9843060771624247,0.019714633623758915
50,head,norm_g,86.72389112200055,71.36813608805339,-15.355755033947162
50,head,norm_gI,5.765044382640293,3.0293502807617188,-2.7356941018785745
50,head,shrink_ratio,0.06823015965788284,0.042411840219144396,-0.025818319438738448
50,last_block,I_mean,0.00215726945316419,0.002766397005567948,0.0006091275524037578
50,last_block,I_sparsity,0.9999540448188782,1.0,4.595518112182617e-05
50,last_block,norm_g,73.81334141322544,62.390008290608726,-11.423333122616718
50,last_block,norm_gI,0.4093355174575533,0.40814439455668133,-0.001191122900871977
50,last_block,shrink_ratio,0.0057950464622416,0.00660681880931786,0.0008117723470762598
51,head,I_mean,0.033391830910529406,0.01803182205185294,-0.015360008858676465
51,head,I_sparsity,0.9368538090160915,0.990402082602183,0.05354827358609149
51,head,norm_g,86.38856724330357,72.35626220703125,-14.03230503627232
51,head,norm_gI,9.076080117906843,2.4955930511156716,-6.5804870667911715
51,head,shrink_ratio,0.10316745830341019,0.03370075633282798,-0.06946670197058222
51,last_block,I_mean,0.0027712382475978564,0.0022425976931117475,-0.0005286405544861089
51,last_block,I_sparsity,0.9999934349741254,1.0,6.565025874594177e-06
51,last_block,norm_g,73.97851671491351,61.83098220825195,-12.147534506661557
51,last_block,norm_gI,0.5734655261039734,0.3464064300060272,-0.22705909609794617
51,last_block,shrink_ratio,0.00775300442942482,0.005669082361110432,-0.002083922068314388
52,head,I_mean,0.0342447358582701,0.01509716478176415,-0.01914757107650595
52,head,I_sparsity,0.9273485285895211,0.9915693799654642,0.06422085137594313
52,head,norm_g,88.09682355608258,69.35456212361653,-18.74226143246605
52,head,norm_gI,7.849797998155866,1.7457277476787567,-6.104070250477109
52,head,shrink_ratio,0.09009673790467496,0.026351777759270074,-0.06374496014540489
52,last_block,I_mean,0.002785147600142019,0.00189126719487831,-0.000893880405263709
52,last_block,I_sparsity,0.9999540448188782,1.0,4.595518112182617e-05
52,last_block,norm_g,75.34894561767578,65.43532435099284,-9.913621266682938
52,last_block,norm_gI,0.6520916053227016,0.3158404305577278,-0.3362511747649738
52,last_block,shrink_ratio,0.008742064472340728,0.004979003802659843,-0.003763060669680885
53,head,I_mean,0.02836167546255248,0.02313729003071785,-0.005224385431834629
53,head,I_sparsity,0.9517509766987392,0.9854734142621359,0.03372243756339666
53,head,norm_g,84.81939588274274,73.83381907145183,-10.985576811290912
53,head,norm_gI,7.570063046046665,3.0092568397521973,-4.560806206294468
53,head,shrink_ratio,0.09154910101931543,0.040795681127527496,-0.050753419891787936
53,last_block,I_mean,0.0023698604865265743,0.0028713129771252475,0.0005014524905986731
53,last_block,I_sparsity,0.9999737398965018,1.0,2.6260103498154663e-05
53,last_block,norm_g,73.44434683663505,61.59645334879557,-11.847893487839478
53,last_block,norm_gI,0.4704828368765967,0.43767542640368146,-0.032807410472915244
53,last_block,shrink_ratio,0.006435911163512828,0.007148678523407494,0.0007127673598946657
54,head,I_mean,0.027056630168642317,0.011863088351674378,-0.015193541816967939
54,head,I_sparsity,0.961478590965271,0.9979247649510702,0.03644617398579919
54,head,norm_g,85.98291451590401,73.1635258992513,-12.819388616652716
54,head,norm_gI,5.81068171773638,1.6990588903427124,-4.111622827393668
54,head,shrink_ratio,0.06835917970313697,0.023278731495269683,-0.04508044820786729
54,last_block,I_mean,0.0022590707688193235,0.0015534819055271025,-0.000705588863292221
54,last_block,I_sparsity,0.9999671748706273,1.0,3.282512937274884e-05
54,last_block,norm_g,73.45892442975726,67.6139310201009,-5.844993409656354
54,last_block,norm_gI,0.43804682578359333,0.26445943489670753,-0.1735873908868858
54,last_block,shrink_ratio,0.006038169818919472,0.003960887513622725,-0.002077282305296747
55,head,I_mean,0.022755973307149752,0.01640069329490264,-0.006355280012247111
55,head,I_sparsity,0.9685380714280265,0.9955901304880778,0.02705205906005126
55,head,norm_g,87.58796800885882,67.58459218343098,-20.003375825427838
55,head,norm_gI,6.422179290226528,2.1223158041636148,-4.299863486062913
55,head,shrink_ratio,0.07358370718523997,0.031499031752806196,-0.04208467543243378
55,last_block,I_mean,0.0018434450529249652,0.002084121146860222,0.0002406760939352567
55,last_block,I_sparsity,1.0,1.0,0.0
55,last_block,norm_g,74.88378143310547,58.732566833496094,-16.151214599609375
55,last_block,norm_gI,0.39016638909067425,0.32019222776095074,-0.0699741613297235
55,last_block,shrink_ratio,0.005198152190849426,0.005504078846395591,0.00030592665554616486
56,head,I_mean,0.03061778444264616,0.013678925422330698,-0.016938859020315465
56,head,I_sparsity,0.945969990321568,0.9950713316599528,0.04910134133838473
56,head,norm_g,88.7382332938058,69.54068501790364,-19.197548275902165
56,head,norm_gI,9.798058782305036,1.955891837676366,-7.84216694462867
56,head,shrink_ratio,0.10517913974616058,0.028634149414623875,-0.07654499033153671
56,last_block,I_mean,0.0024808162623750313,0.0017707952647469938,-0.0007100209976280375
56,last_block,I_sparsity,0.9999409147671291,1.0,5.9085232870903504e-05
56,last_block,norm_g,76.95967755998883,65.74873224894206,-11.210945311046771
56,last_block,norm_gI,0.5659080616065434,0.30047346154848736,-0.265434600058056
56,last_block,shrink_ratio,0.006883675286880409,0.004843054446471058,-0.0020406208404093506
57,head,I_mean,0.03199517460806029,0.015333352610468864,-0.016661821997591426
57,head,I_sparsity,0.9409672021865845,0.995201051235199,0.0542338490486145
57,head,norm_g,88.0483147757394,69.236083984375,-18.8122307913644
57,head,norm_gI,7.502324513026646,1.9288914203643799,-5.573433092662266
57,head,shrink_ratio,0.08526594007976482,0.0280542524097943,-0.05721168766997052
57,last_block,I_mean,0.0027013284021190236,0.0018502771466349561,-0.0008510512554840675
57,last_block,I_sparsity,0.9999671748706273,1.0,3.282512937274884e-05
57,last_block,norm_g,74.24648938860211,62.792083740234375,-11.45440564836774
57,last_block,norm_gI,0.5841114861624581,0.296764815847079,-0.28734667031537914
57,last_block,shrink_ratio,0.007790086381425716,0.004718581713596987,-0.003071504667828729
58,head,I_mean,0.02188058982470206,0.017609442894657452,-0.004271146930044607
58,head,I_sparsity,0.9739299501691546,0.988197127978007,0.014267177808852338
58,head,norm_g,87.68427494594029,70.83400980631511,-16.85026513962518
58,head,norm_gI,5.381903886795044,2.877461592356364,-2.50444229443868
58,head,shrink_ratio,0.060054659999438695,0.040563526008720596,-0.0194911339907181
58,last_block,I_mean,0.0019182106480002403,0.0023341873893514276,0.00041597674135118723
58,last_block,I_sparsity,0.9999934349741254,1.0,6.565025874594177e-06
58,last_block,norm_g,76.9190695626395,60.266056060791016,-16.65301350184849
58,last_block,norm_gI,0.39659316412040163,0.45248181621233624,0.05588865209193461
58,last_block,shrink_ratio,0.005091692862410712,0.007505835041593766,0.002414142179183054
59,head,I_mean,0.02557824339185442,0.01059840596280992,-0.0149798374290445
59,head,I_sparsity,0.9624235715184893,0.9987029830614725,0.0362794115429832
59,head,norm_g,89.04357474190849,76.46360778808594,-12.579966953822549
59,head,norm_gI,7.3646847520555765,1.7914280692736309,-5.573256682781945
59,head,shrink_ratio,0.08283293407876809,0.023277481226743866,-0.059555452852024224
59,last_block,I_mean,0.0021681873061295065,0.0013655703320788841,-0.0008026169740506224
59,last_block,I_sparsity,0.9999671748706273,1.0,3.282512937274884e-05
59,last_block,norm_g,76.33190155029297,66.49063110351562,-9.841270446777344
59,last_block,norm_gI,0.47368123701640535,0.2798543373743693,-0.19382689964203603
59,last_block,shrink_ratio,0.006251234066737453,0.004217673009911668,-0.002033561056825785
60,head,I_mean,0.032858639157244136,0.010104314424097538,-0.0227543247331466
60,head,I_sparsity,0.9269594209534782,0.9985732833544413,0.07161386240096312
60,head,norm_g,91.98961203438895,62.022753397623696,-29.96685863676526
60,head,norm_gI,8.720757825034005,1.271211842695872,-7.449545982338132
60,head,shrink_ratio,0.09281035497142114,0.02081566896969932,-0.07199468600172182
60,last_block,I_mean,0.002689301102821316,0.001246423596361031,-0.001442877506460285
60,last_block,I_sparsity,0.9994879194668361,1.0,0.0005120805331638723
60,last_block,norm_g,79.20483343941825,56.972405751546226,-22.232427687872026
60,last_block,norm_gI,0.738800755568913,0.18397576113541922,-0.5548249944334938
60,last_block,shrink_ratio,0.009024299071740354,0.0032629225027440804,-0.005761376568996274
61,head,I_mean,0.028875608396317278,0.018794182687997818,-0.01008142570831946
61,head,I_sparsity,0.9501389690807888,0.9905317823092142,0.04039281322842547
61,head,norm_g,87.55769784109933,69.75951639811198,-17.798181442987342
61,head,norm_gI,7.765699182237897,2.7263562281926474,-5.0393429540452495
61,head,shrink_ratio,0.0888121562152183,0.03901667317147204,-0.049795483043746265
61,last_block,I_mean,0.0025242661691403817,0.0024291385198011994,-9.512764933918222e-05
61,last_block,I_sparsity,0.9999671748706273,1.0,3.282512937274884e-05
61,last_block,norm_g,75.83485194614956,59.94546635945638,-15.889385586693173
61,last_block,norm_gI,0.5161820309502738,0.37594283123811084,-0.14023919971216298
61,last_block,shrink_ratio,0.0067942368828044775,0.006387621451338005,-0.0004066154314664727
62,head,I_mean,0.023801496119371483,0.02043228813757499,-0.003369207981796494
62,head,I_sparsity,0.9658699291093009,0.9866407116254171,0.020770782516116193
62,head,norm_g,85.99777439662388,69.8799057006836,-16.117868695940288
62,head,norm_gI,5.472996473312378,2.612771908442179,-2.8602245648701987
62,head,shrink_ratio,0.06218128925315455,0.03801178970611787,-0.024169499547036677
62,last_block,I_mean,0.002059868154382067,0.0025891105954845748,0.0005292424411025079
62,last_block,I_sparsity,0.9997702240943909,1.0,0.00022977590560913086
62,last_block,norm_g,75.845947265625,59.25530497233073,-16.590642293294273
62,last_block,norm_gI,0.5683911187308175,0.40001799662907916,-0.16837312210173833
62,last_block,shrink_ratio,0.007213071983431453,0.0070319769642530365,-0.0001810950191784167
63,head,I_mean,0.037991578823753765,0.013633219602828225,-0.024358359220925538
63,head,I_sparsity,0.9108949388776507,0.9932555158933004,0.0823605770156497
63,head,norm_g,90.2095696585519,69.06010309855144,-21.149466560000462
63,head,norm_gI,9.580211469105311,1.7021086017290752,-7.878102867376236
63,head,shrink_ratio,0.10551297455843585,0.025618914302451234,-0.07989406025598461
63,last_block,I_mean,0.0032355988431455834,0.0018031000896977882,-0.0014324987534477952
63,last_block,I_sparsity,0.9999671748706273,1.0,3.282512937274884e-05
63,last_block,norm_g,76.11421748570034,62.5417594909668,-13.57245799473354
63,last_block,norm_gI,0.652765902025359,0.2798749978343646,-0.3728909041909944
63,last_block,shrink_ratio,0.008589226569527732,0.004844862467268223,-0.003744364102259509
64,head,I_mean,0.03413815716547625,0.01793946201602618,-0.016198695149450073
64,head,I_sparsity,0.9315174988337925,0.9922178983688354,0.060700399535042915
64,head,norm_g,91.93452998570034,61.70931625366211,-30.225213732038227
64,head,norm_gI,9.04403018951416,2.0483896334966025,-6.995640556017557
64,head,shrink_ratio,0.09465074777904721,0.03308472762938906,-0.061566020149658146
64,last_block,I_mean,0.0027471519341426237,0.002271120591710011,-0.00047603134243261267
64,last_block,I_sparsity,0.9998227443013873,1.0,0.0001772556986127105
64,last_block,norm_g,76.69497244698661,55.18132654825846,-21.51364589872815
64,last_block,norm_gI,0.7103360082421984,0.3117734392484029,-0.39856256899379555
64,last_block,shrink_ratio,0.008861496375502324,0.005751269061458193,-0.0031102273140441302
65,head,I_mean,0.0317161733816777,0.01874841512956967,-0.012967758252108028
65,head,I_sparsity,0.9373540878295898,0.9802853465080261,0.04293125867843628
65,head,norm_g,89.07469504220145,66.11974970499675,-22.954945337204705
65,head,norm_gI,7.297586168561663,2.1932656516631446,-5.104320516898518
65,head,shrink_ratio,0.07980138613194843,0.03511925953769644,-0.044682126594251984
65,last_block,I_mean,0.0025185038768021123,0.0022745327393446737,-0.0002439711374574386
65,last_block,I_sparsity,0.99992778471538,1.0,7.221528461998084e-05
65,last_block,norm_g,74.83141217912946,62.20864995320638,-12.622762225923076
65,last_block,norm_gI,0.5503416465861457,0.3267224592467149,-0.2236191873394308
65,last_block,shrink_ratio,0.007144693680035481,0.006099913896546893,-0.0010447797834885874
66,head,I_mean,0.03868459723889828,0.01523566897958517,-0.023448928259313107
66,head,I_sparsity,0.9157865558351789,0.9970168670018514,0.08123031116667256
66,head,norm_g,90.95853206089565,61.26247787475586,-29.69605418613979
66,head,norm_gI,9.021402972085136,1.7291276057561238,-7.2922753663290125
66,head,shrink_ratio,0.10154761307089159,0.028287878748214357,-0.07325973432267724
66,last_block,I_mean,0.003159692677270089,0.0020604162321736417,-0.0010992764450964473
66,last_block,I_sparsity,0.9998424393790108,1.0,0.00015756062098915002
66,last_block,norm_g,77.59051513671875,55.51839701334635,-22.072118123372398
66,last_block,norm_gI,0.6895321011543274,0.28914599120616913,-0.40038610994815826
66,last_block,shrink_ratio,0.008931860996367901,0.005341076467836066,-0.003590784528531835
67,head,I_mean,0.025877002493611405,0.014065673613610366,-0.011811328880001038
67,head,I_sparsity,0.952140075819833,0.9942931334177653,0.04215305759793231
67,head,norm_g,88.7235837663923,69.20740763346355,-19.51617613292875
67,head,norm_gI,6.520254646028791,1.891246090332667,-4.629008555696124
67,head,shrink_ratio,0.0710333742507255,0.028033218158346473,-0.04300015609237903
67,last_block,I_mean,0.002175218126337443,0.001809357733388121,-0.00036586039294932214
67,last_block,I_sparsity,0.9999737398965018,1.0,2.6260103498154663e-05
67,last_block,norm_g,76.54550279889789,58.703993479410805,-17.84150931948708
67,last_block,norm_gI,0.4944216821874891,0.3025735542178154,-0.1918481279696737
67,last_block,shrink_ratio,0.0063467131651046916,0.005496437646234893,-0.0008502755188697989
68,head,I_mean,0.0352725125849247,0.01613603252917528,-0.019136480055749416
68,head,I_sparsity,0.9291828785623822,0.9964980681737264,0.0673151896113442
68,head,norm_g,91.16715131487165,62.604235331217446,-28.5629159836542
68,head,norm_gI,10.13889912196568,1.9630235036214192,-8.17587561834426
68,head,shrink_ratio,0.10984560738925385,0.0313821143452472,-0.07846349304400665
68,last_block,I_mean,0.0028925606581781593,0.0021861488930881023,-0.000706411765090057
68,last_block,I_sparsity,0.9998752645083836,1.0,0.00012473549161640118
68,last_block,norm_g,81.13015747070312,53.99386215209961,-27.136295318603516
68,last_block,norm_gI,0.6359366008213588,0.3218356966972351,-0.3141009041241237
68,last_block,shrink_ratio,0.00789667176947704,0.006035827100302608,-0.0018608446691744324
69,head,I_mean,0.03623109257646969,0.01496566024919351,-0.02126543232727618
69,head,I_sparsity,0.9264035565512521,0.99844358364741,0.07204002709615798
69,head,norm_g,87.55313219342914,71.64983367919922,-15.903298514229917
69,head,norm_gI,8.944801875523158,2.0026790301005044,-6.942122845422654
69,head,shrink_ratio,0.10507603133560503,0.028130092936785252,-0.07694593839881977
69,last_block,I_mean,0.003152503997885755,0.001978845219127834,-0.0011736587787579212
69,last_block,I_sparsity,0.9999080896377563,1.0,9.191036224365234e-05
69,last_block,norm_g,74.54679870605469,64.00043233235677,-10.546366373697921
69,last_block,norm_gI,0.697754830121994,0.32802053292592365,-0.36973429719607037
69,last_block,shrink_ratio,0.009150685130403837,0.005419852604843827,-0.0037308325255600103
70,head,I_mean,0.040380527930600305,0.018967401546736557,-0.021413126383863747
70,head,I_sparsity,0.9123401897294181,0.9946822126706442,0.08234202294122606
70,head,norm_g,89.81589181082589,61.36966196695963,-28.446229843866256
70,head,norm_gI,9.204982893807548,2.3867193857828775,-6.818263508024671
70,head,shrink_ratio,0.10181299459073477,0.0388968817612047,-0.06291611282953008
70,last_block,I_mean,0.0032291500163929804,0.002446819368439416,-0.0007823306479535644
70,last_block,I_sparsity,0.9999671748706273,1.0,3.282512937274884e-05
70,last_block,norm_g,77.52420806884766,55.049668629964195,-22.47453943888346
70,last_block,norm_gI,0.6611609714371818,0.33381620049476624,-0.32734477094241554
70,last_block,shrink_ratio,0.008464502963414782,0.006177180773438794,-0.0022873221899759886
71,head,I_mean,0.03141539344297988,0.013860406315264603,-0.017554987127715277
71,head,I_sparsity,0.9404113462993077,0.9948119322458903,0.05440058594658259
71,head,norm_g,86.17845916748047,72.13604482014973,-14.042414347330734
71,head,norm_gI,7.895599263054984,2.121483360727628,-5.774115902327356
71,head,shrink_ratio,0.09118580479585348,0.029231316916555696,-0.061954487879297776
71,last_block,I_mean,0.0026327228073828985,0.0018542464191947754,-0.0007784763881881231
71,last_block,I_sparsity,0.9999803049223763,0.9999693632125854,-1.0941709790879273e-05
71,last_block,norm_g,75.87201472691127,61.030417124430336,-14.841597602480938
71,last_block,norm_gI,0.5587820112705231,0.3463957856098811,-0.21238622566064197
71,last_block,shrink_ratio,0.007271343009406634,0.005880243699790699,-0.0013910993096159351
72,head,I_mean,0.03404949259545122,0.020147051041324932,-0.013902441554126285
72,head,I_sparsity,0.9308504717690604,0.9872892300287882,0.05643875825972777
72,head,norm_g,91.26569039481026,62.8806406656901,-28.385049729120162
72,head,norm_gI,8.078412124088832,2.3248315254847207,-5.7535805986041115
72,head,shrink_ratio,0.08741441299811577,0.03745379853211775,-0.04996061446599802
72,last_block,I_mean,0.0027853057586721013,0.0026112319513534508,-0.00017407380731865058
72,last_block,I_sparsity,0.9999343497412545,1.0,6.565025874549768e-05
72,last_block,norm_g,77.38150024414062,59.46220397949219,-17.919296264648438
72,last_block,norm_gI,0.6109293869563511,0.37682919204235077,-0.23410019491400036
72,last_block,shrink_ratio,0.007847865688113347,0.006737061214579023,-0.0011108044735343237
73,head,I_mean,0.025786074543637887,0.01611885583649079,-0.009667218707147096
73,head,I_sparsity,0.9513062834739685,0.996757447719574,0.04545116424560547
73,head,norm_g,87.99548884800502,67.45100657145183,-20.544482276553197
73,head,norm_gI,5.7774273327418735,2.103725473086039,-3.6737018596558344
73,head,shrink_ratio,0.06285420558654932,0.031246472433424894,-0.03160773315312443
73,last_block,I_mean,0.0022434438745092067,0.0020707135554403067,-0.00017273031906890005
73,last_block,I_sparsity,0.9998686994825091,1.0,0.00013130051749088434
73,last_block,norm_g,76.0232184273856,61.49887466430664,-14.52434376307896
73,last_block,norm_gI,0.5197837352752686,0.3128866453965505,-0.20689708987871808
73,last_block,shrink_ratio,0.006675831467985853,0.005315228571092953,-0.0013606028968929
74,head,I_mean,0.02155391432877098,0.021236646299560864,-0.000317268029210116
74,head,I_sparsity,0.9811561959130424,0.9865110317866007,0.005354835873558339
74,head,norm_g,87.665525163923,67.45883178710938,-20.206693376813618
74,head,norm_gI,4.364046062741961,2.656158526738485,-1.7078875360034762
74,head,shrink_ratio,0.04966354330921069,0.03958931400036806,-0.010074229308842629
74,last_block,I_mean,0.0019414955916415369,0.0027018702821806073,0.0007603746905390704
74,last_block,I_sparsity,1.0,1.0,0.0
74,last_block,norm_g,77.87575966971261,57.94391632080078,-19.931843348911826
74,last_block,norm_gI,0.4060651787689754,0.40004196763038635,-0.0060232111385890574
74,last_block,shrink_ratio,0.005191386962430577,0.007053919499043502,0.0018625325366129252
75,head,I_mean,0.028140852360853126,0.012490966046849886,-0.015649886314003242
75,head,I_sparsity,0.9574763860021319,0.998962382475535,0.04148599647340312
75,head,norm_g,88.0211181640625,69.39162190755208,-18.62949625651042
75,head,norm_gI,5.481642620904105,1.6325047413508098,-3.849137879553295
75,head,shrink_ratio,0.06202094776960317,0.023623730021172875,-0.0383972177484303
75,last_block,I_mean,0.0023381393735430072,0.0016482007534553607,-0.0006899386200876466
75,last_block,I_sparsity,0.9999671748706273,1.0,3.282512937274884e-05
75,last_block,norm_g,76.2196284702846,64.54398600260417,-11.675642467680433
75,last_block,norm_gI,0.5279902986117772,0.2675374795993169,-0.26045281901246026
75,last_block,shrink_ratio,0.00685362110688702,0.004317540170230875,-0.0025360809366561446
76,head,I_mean,0.027847290305154666,0.017381959594786167,-0.010465330710368499
76,head,I_sparsity,0.9558643783841815,0.9939040144284567,0.03803963604427518
76,head,norm_g,90.96821049281529,58.188697814941406,-32.77951267787388
76,head,norm_gI,6.442620652062552,1.9731853405634563,-4.469435311499096
76,head,shrink_ratio,0.06964033406109649,0.0341066147282971,-0.03553371933279939
76,last_block,I_mean,0.0023944116131003413,0.0022786863070602217,-0.00011572530604011958
76,last_block,I_sparsity,0.9999474797930036,1.0,5.252020699642035e-05
76,last_block,norm_g,79.6531001499721,54.22581100463867,-25.427289145333432
76,last_block,norm_gI,0.5348476810114724,0.2958414653937022,-0.2390062156177702
76,last_block,shrink_ratio,0.006682649999755691,0.005671638433652923,-0.001011011566102768
77,head,I_mean,0.03684216897402491,0.008541866108619919,-0.02830030286540499
77,head,I_sparsity,0.9221789836883545,0.9992217818895975,0.07704279820124305
77,head,norm_g,87.45612117222377,71.8074467976888,-15.648674374534977
77,head,norm_gI,7.414981705801828,1.1540321509043376,-6.26094955489749
77,head,shrink_ratio,0.08593504844364576,0.01673121739862358,-0.06920383104502217
77,last_block,I_mean,0.003169048111885786,0.0011207375646336004,-0.0020483105472521856
77,last_block,I_sparsity,0.9998752645083836,1.0,0.00012473549161640118
77,last_block,norm_g,76.04119873046875,65.3680928548177,-10.673105875651046
77,last_block,norm_gI,0.656092916216169,0.1787533052265644,-0.47733961098960465
77,last_block,shrink_ratio,0.008771685373342714,0.002783105854909781,-0.005988579518432933
78,head,I_mean,0.038001434079238346,0.010322145807246367,-0.02767928827199198
78,head,I_sparsity,0.9190661481448582,0.9976653655370077,0.07859921739214948
78,head,norm_g,85.02908543178013,71.63008626302083,-13.398999168759303
78,head,norm_gI,9.471903051648821,1.4517632921536763,-8.020139759495144
78,head,shrink_ratio,0.10772093037846002,0.020666135708638258,-0.08705479466982176
78,last_block,I_mean,0.0031586923370403902,0.0014082909231850256,-0.0017504014138553646
78,last_block,I_sparsity,0.9999803049223763,1.0,1.969507762367151e-05
78,last_block,norm_g,75.89543805803571,62.3209342956543,-13.574503762381411
78,last_block,norm_gI,0.6284929301057544,0.23797439535458884,-0.3905185347511655
78,last_block,shrink_ratio,0.00810697057384682,0.004114646680537522,-0.003992323893309299
79,head,I_mean,0.028022528226886476,0.017133111444612343,-0.010889416782274133
79,head,I_sparsity,0.9579210707119533,0.9920881986618042,0.034167127949850884
79,head,norm_g,90.18048204694476,70.12615585327148,-20.054326193673276
79,head,norm_gI,6.9369820526668,2.3237386643886566,-4.613243388278144
79,head,shrink_ratio,0.07315026104815127,0.03474881608207931,-0.03840144496607196
79,last_block,I_mean,0.0024397057381325533,0.0022675997558205077,-0.0001721059823120456
79,last_block,I_sparsity,0.9997767891202655,1.0,0.00022321087973453668
79,last_block,norm_g,75.62644522530692,67.17682647705078,-8.449618748256142
79,last_block,norm_gI,0.6832588953631265,0.39671991517146427,-0.2865389801916622
79,last_block,shrink_ratio,0.008296169860356958,0.006612034507734,-0.0016841353526229584
80,head,I_mean,0.03342542637671743,0.02113923120001952,-0.01228619517669791
80,head,I_sparsity,0.9360200081552777,0.9837872982025146,0.0477672900472369
80,head,norm_g,92.53231484549386,62.25930150349935,-30.273013341994506
80,head,norm_gI,7.403144768306187,2.502723058064779,-4.9004217102414085
80,head,shrink_ratio,0.07770513562189849,0.04027162076228564,-0.03743351485961285
80,last_block,I_mean,0.00283609377220273,0.0027249492704868317,-0.00011114450171589851
80,last_block,I_sparsity,0.9999409147671291,1.0,5.9085232870903504e-05
80,last_block,norm_g,78.57726505824498,60.821014404296875,-17.7562506539481
80,last_block,norm_gI,0.6098819715636117,0.3988843361536662,-0.21099763540994548
80,last_block,shrink_ratio,0.007646225979906288,0.006839111044657675,-0.0008071149352486123
81,head,I_mean,0.027512971311807632,0.016839794504145782,-0.01067317680766185
81,head,I_sparsity,0.951361860547747,0.9865110317866007,0.03514917123885375
81,head,norm_g,89.37244306291852,69.95768737792969,-19.414755684988833
81,head,norm_gI,6.891282916069031,2.1237184604008994,-4.767564455668131
81,head,shrink_ratio,0.07079713303789278,0.0321463163222278,-0.03865081671566498
81,last_block,I_mean,0.0023275690452594843,0.002176558594025361,-0.00015101045123412345
81,last_block,I_sparsity,0.9999671748706273,1.0,3.282512937274884e-05
81,last_block,norm_g,75.63367135184151,62.813472747802734,-12.82019860403878
81,last_block,norm_gI,0.5008673689195088,0.3362008072435856,-0.1646665616759232
81,last_block,shrink_ratio,0.006136113676780087,0.005913818380742735,-0.00022229529603735258
82,head,I_mean,0.029893756178872927,0.020659505389630795,-0.009234250789242133
82,head,I_sparsity,0.9491939885275704,0.9887159466743469,0.039521958146776504
82,head,norm_g,96.50530351911273,63.52443059285482,-32.98087292625791
82,head,norm_gI,9.220485857554845,2.354031801223755,-6.86645405633109
82,head,shrink_ratio,0.09271809203037673,0.03774154047627283,-0.0549765515541039
82,last_block,I_mean,0.0024911671394615303,0.0028101459611207247,0.0003189788216591944
82,last_block,I_sparsity,0.9997767891202655,1.0,0.00022321087973453668
82,last_block,norm_g,81.72182355608258,62.83808390299479,-18.883739653087794
82,last_block,norm_gI,0.8824777262551444,0.4752471645673116,-0.40723056168783284
82,last_block,shrink_ratio,0.009786201095066489,0.008269922256170728,-0.0015162788388957613
83,head,I_mean,0.0324238831443446,0.022176710578302544,-0.010247172566042056
83,head,I_sparsity,0.9349638649395534,0.9819714625676473,0.04700759762809392
83,head,norm_g,97.97920772007534,55.53176752726237,-42.44744019281297
83,head,norm_gI,8.257847615650721,2.6660792032877603,-5.591768412362962
83,head,shrink_ratio,0.08385111421851506,0.046772568421901,-0.03707854579661406
83,last_block,I_mean,0.002862026482554419,0.0031706709802771607,0.0003086444977227418
83,last_block,I_sparsity,0.9997045738356454,0.9999387264251709,0.00023415258952552698
83,last_block,norm_g,85.00282396589007,53.45008087158203,-31.552743094308042
83,last_block,norm_gI,0.7840074130467006,0.46963460246721905,-0.3143728105794816
83,last_block,shrink_ratio,0.00907499598520313,0.008750747791340866,-0.000324248193862264
84,head,I_mean,0.029446846672466824,0.01795677002519369,-0.011490076647273133
84,head,I_sparsity,0.9515286258288792,0.9849546154340109,0.033425989605131656
84,head,norm_g,90.39703151157924,72.22230275472005,-18.174728756859196
84,head,norm_gI,7.032416582107544,2.4693177243073783,-4.563098857800165
84,head,shrink_ratio,0.07821024210240428,0.03571347668970532,-0.04249676541269896
84,last_block,I_mean,0.0025220688133101377,0.00245675235055387,-6.531646275626749e-05
84,last_block,I_sparsity,0.9999803049223763,1.0,1.969507762367151e-05
84,last_block,norm_g,77.18431418282645,65.7502950032552,-11.434019179571251
84,last_block,norm_gI,0.5783672843660627,0.3919883345564206,-0.18637894980964204
84,last_block,shrink_ratio,0.007388521738767517,0.006496443411161235,-0.0008920783276062825
85,head,I_mean,0.037647579929658344,0.01674634777009487,-0.020901232159563472
85,head,I_sparsity,0.918899382863726,0.9954604506492615,0.07656106778553551
85,head,norm_g,91.56192561558315,59.86972427368164,-31.69220134190151
85,head,norm_gI,9.088902882167272,2.0411354899406433,-7.047767392226628
85,head,shrink_ratio,0.09880797595129576,0.033876701837136015,-0.06493127411415975
85,last_block,I_mean,0.003272133247394647,0.002343857466864089,-0.0009282757805305578
85,last_block,I_sparsity,0.9997505290167672,1.0,0.00024947098323280237
85,last_block,norm_g,80.36969212123326,54.274026234944664,-26.095665886288593
85,last_block,norm_gI,0.787472026688712,0.3196261723836263,-0.4678458543050857
85,last_block,shrink_ratio,0.00969471881098268,0.005888977833317791,-0.0038057409776648893
86,head,I_mean,0.025713773843433176,0.016019131056964397,-0.009694642786468779
86,head,I_sparsity,0.9650361282484872,0.9968871474266052,0.031851019178118056
86,head,norm_g,87.9936752319336,69.49744669596355,-18.496228535970047
86,head,norm_gI,5.822993108204433,2.225710153579712,-3.5972829546247214
86,head,shrink_ratio,0.0665407311737104,0.03189475064294662,-0.03464598053076378
86,last_block,I_mean,0.002248206741309592,0.002264689227255682,1.648248594609018e-05
86,last_block,I_sparsity,1.0,1.0,0.0
86,last_block,norm_g,78.21971021379743,60.15489196777344,-18.06481824602399
86,last_block,norm_gI,0.4777121501309531,0.3910680611928304,-0.0866440889381227
86,last_block,shrink_ratio,0.006025934682040913,0.006548237763135699,0.0005223030810947863
87,head,I_mean,0.03604969382286072,0.014724581191937128,-0.02132511263092359
87,head,I_sparsity,0.928960519177573,0.9968871672948202,0.06792664811724713
87,head,norm_g,89.16331699916294,65.84225209554036,-23.321064903622585
87,head,norm_gI,7.3899721418108255,1.852957308292389,-5.537014833518437
87,head,shrink_ratio,0.0821446390987329,0.028148581974540843,-0.05399605712419206
87,last_block,I_mean,0.0032033211485083613,0.0020558832911774516,-0.0011474378573309097
87,last_block,I_sparsity,0.9998555694307599,1.0,0.0001444305692400727
87,last_block,norm_g,77.03256225585938,62.61986414591471,-14.412698109944664
87,last_block,norm_gI,0.7523569677557264,0.3310474405686061,-0.4213095271871203
87,last_block,shrink_ratio,0.009613937637904604,0.005496597382435416,-0.004117340255469188
88,head,I_mean,0.03219000356537955,0.0042706636401514215,-0.027919339925228128
88,head,I_sparsity,0.9407448428017753,0.9998703002929688,0.05912545749119347
88,head,norm_g,90.39239283970424,74.8006083170573,-15.591784522646947
88,head,norm_gI,8.542769500187465,0.903844972451528,-7.638924527735937
88,head,shrink_ratio,0.09660670571409576,0.012058343270716103,-0.08454836244337965
88,last_block,I_mean,0.002874646967809115,0.0005886894602250928,-0.0022859575075840225
88,last_block,I_sparsity,0.9998621344566345,0.9999846816062927,0.00012254714965820312
88,last_block,norm_g,77.63997541155133,71.27266184488933,-6.3673135666620055
88,last_block,norm_gI,0.6947365786348071,0.29096487909555435,-0.40377169953925274
88,last_block,shrink_ratio,0.008775009076011036,0.003758763733439651,-0.005016245342571385
89,head,I_mean,0.03177130328757422,0.011147179330388704,-0.02062412395718552
89,head,I_sparsity,0.9365758725575039,0.9993515014648438,0.0627756289073399
89,head,norm_g,89.14915902273995,67.63331349690755,-21.515845525832404
89,head,norm_gI,7.008562326431274,1.4766903320948284,-5.531871994336446
89,head,shrink_ratio,0.0782579217794206,0.021846186209416862,-0.05641173557000374
89,last_block,I_mean,0.0028425396719415274,0.001550056835791717,-0.0012924828361498104
89,last_block,I_sparsity,0.9999409147671291,1.0,5.9085232870903504e-05
89,last_block,norm_g,77.86807141985211,64.34267807006836,-13.525393349783755
89,last_block,norm_gI,0.6366058502878461,0.2689209481080373,-0.3676849021798088
89,last_block,shrink_ratio,0.008050843331327785,0.004097196349188843,-0.003953646982138942
90,head,I_mean,0.0360722690820694,0.016142840186754864,-0.019929428895314533
90,head,I_sparsity,0.916842690535954,0.9929961164792379,0.07615342594328389
90,head,norm_g,93.90165710449219,53.47577667236328,-40.425880432128906
90,head,norm_gI,8.534816299165998,1.6570386290550232,-6.877777670110975
90,head,shrink_ratio,0.08831364768787589,0.03120893106621103,-0.05710471662166486
90,last_block,I_mean,0.003134967975451478,0.0021779627228776612,-0.0009570052525738168
90,last_block,I_sparsity,0.9998621344566345,1.0,0.00013786554336547852
90,last_block,norm_g,83.86630140032086,51.18674341837565,-32.679557981945216
90,last_block,norm_gI,0.7128565226282392,0.2498012830813726,-0.46305523954686656
90,last_block,shrink_ratio,0.008444206708333813,0.005041872260591018,-0.003402334447742795
91,head,I_mean,0.04078527593186924,0.013014772906899452,-0.027770503024969785
91,head,I_sparsity,0.9073930042130607,0.9971465667088827,0.089753562495822
91,head,norm_g,90.07853480747768,60.59631220499674,-29.482222602480938
91,head,norm_gI,9.931392737797328,1.5910301605860393,-8.34036257721129
91,head,shrink_ratio,0.11421952174890136,0.026445629181583896,-0.08777389256731746
91,last_block,I_mean,0.003487896772899798,0.001754302919531862,-0.0017335938533679358
91,last_block,I_sparsity,0.999724268913269,1.0,0.00027573108673095703
91,last_block,norm_g,80.27441297258649,55.13913091023763,-25.135282062348857
91,last_block,norm_gI,0.7966725698539189,0.2566194881995519,-0.5400530816543669
91,last_block,shrink_ratio,0.010040155677102387,0.00468774862613826,-0.005352407050964126
92,head,I_mean,0.03187597809093339,0.013302925353248915,-0.018573052737684476
92,head,I_sparsity,0.9436353530202594,0.9996109008789062,0.05597554785864689
92,head,norm_g,111.08085632324219,36.0403995513916,-75.04045677185059
92,head,norm_gI,7.743664196559361,0.8442600965499878,-6.899404100009373
92,head,shrink_ratio,0.06995966166259465,0.023771091771952486,-0.04618856989064217
92,last_block,I_mean,0.0028448389577014105,0.0018974047464629014,-0.0009474342112385091
92,last_block,I_sparsity,1.0,0.9999846816062927,-1.531839370727539e-05
92,last_block,norm_g,98.75419289725167,41.55437978108724,-57.19981311616443
92,last_block,norm_gI,0.6265398221356528,0.20379200081030527,-0.4227478213253476
92,last_block,shrink_ratio,0.006450338570635862,0.0049490059670645814,-0.0015013326035712808
93,head,I_mean,0.03851858499859061,0.02282104268670082,-0.015697542311889787
93,head,I_sparsity,0.9187882202012199,0.9879377484321594,0.06914952823093956
93,head,norm_g,86.95857674734933,65.07556915283203,-21.883007594517295
93,head,norm_gI,8.935636860983712,3.1126674016316733,-5.822969459352038
93,head,shrink_ratio,0.1036397713045354,0.04796638519170757,-0.055673386112827836
93,last_block,I_mean,0.0033598989913506167,0.0031502263930936656,-0.00020967259825695108
93,last_block,I_sparsity,0.9998621344566345,1.0,0.00013786554336547852
93,last_block,norm_g,78.86832209995815,57.1311887105306,-21.737133389427548
93,last_block,norm_gI,0.6889604585511344,0.4448549449443817,-0.2441055136067527
93,last_block,shrink_ratio,0.008754611447884798,0.007910963855096119,-0.0008436475927886787
94,head,I_mean,0.0346866101026535,0.01948798339193066,-0.015198626710722845
94,head,I_sparsity,0.9291828785623822,0.9863813320795695,0.05719845351718722
94,head,norm_g,89.15272086007255,63.91777420043945,-25.234946659633096
94,head,norm_gI,8.321344920567103,2.4980403979619346,-5.823304522605168
94,head,shrink_ratio,0.09262226729703389,0.039196863948061565,-0.053425403348972327
94,last_block,I_mean,0.00304930580646864,0.00267577706836164,-0.00037352873810700014
94,last_block,I_sparsity,0.9998752645083836,1.0,0.00012473549161640118
94,last_block,norm_g,80.57423945835659,55.34400939941406,-25.230230058942524
94,last_block,norm_gI,0.5936660042830876,0.37728885809580487,-0.2163771461872827
94,last_block,shrink_ratio,0.0073663419659100015,0.006717025225842649,-0.0006493167400673525
95,head,I_mean,0.035405288849558146,0.01743969158269465,-0.017965597266863496
95,head,I_sparsity,0.9246248006820679,0.9874189297358195,0.06279412905375159
95,head,norm_g,88.3428203037807,67.33001073201497,-21.01280957176573
95,head,norm_gI,7.499447005135672,2.1759739021460214,-5.3234731029896505
95,head,shrink_ratio,0.08567984544088468,0.033414925485801376,-0.052264919955083304
95,last_block,I_mean,0.003209042163299663,0.0024436050928973905,-0.0007654370704022724
95,last_block,I_sparsity,0.9998358743531364,0.9999846816062927,0.0001488072531563578
95,last_block,norm_g,80.53447723388672,60.10943476359049,-20.425042470296226
95,last_block,norm_gI,0.6711133122444153,0.4036898563305537,-0.2674234559138616
95,last_block,shrink_ratio,0.008409105588397569,0.006952697302889378,-0.0014564082855081902
96,head,I_mean,0.0367362978202956,0.008469347725622356,-0.028266950094673247
96,head,I_sparsity,0.9157865388052804,0.9975356658299764,0.08174912702469606
96,head,norm_g,93.11910683768136,58.71003341674805,-34.40907342093331
96,head,norm_gI,9.491063867296491,1.0187336206436157,-8.472330246652875
96,head,shrink_ratio,0.10164195021382763,0.018374309090395797,-0.08326764112343184
96,last_block,I_mean,0.0031905782275966237,0.0012263869866728783,-0.0019641912409237455
96,last_block,I_sparsity,0.9996848787580218,1.0,0.000315121241978189
96,last_block,norm_g,81.3640365600586,57.265638987223305,-24.09839757283529
96,last_block,norm_gI,0.7978613078594208,0.2062125951051712,-0.5916487127542496
96,last_block,shrink_ratio,0.00961803356142964,0.0038430252872039723,-0.005775008274225668
97,head,I_mean,0.03381002162184034,0.016768683368961017,-0.01704133825287932
97,head,I_sparsity,0.9330739293779645,0.995719850063324,0.06264592068535946
97,head,norm_g,88.34881373814174,64.92600886027019,-23.422804877871556
97,head,norm_gI,7.650642939976284,2.190079927444458,-5.460563012531826
97,head,shrink_ratio,0.08507867061903003,0.033513812804303544,-0.051564857814726486
97,last_block,I_mean,0.002973368557702218,0.0023764508853976927,-0.0005969176723045252
97,last_block,I_sparsity,0.9999343497412545,1.0,6.565025874549768e-05
97,last_block,norm_g,78.05743517194476,64.07748031616211,-13.979954855782651
97,last_block,norm_gI,0.5854294002056122,0.39871907234191895,-0.18671032786369324
97,last_block,shrink_ratio,0.007372645382810061,0.006165955098741589,-0.0012066902840684717
98,head,I_mean,0.03631296195089817,0.0127753847433875,-0.023537577207510672
98,head,I_sparsity,0.9284046718052456,0.990402082602183,0.061997410796937436
98,head,norm_g,88.87265886579242,66.68134180704753,-22.191317058744886
98,head,norm_gI,7.980991363525391,1.650787889957428,-6.330203473567963
98,head,shrink_ratio,0.09024594656501514,0.026105387678015818,-0.06414055888699932
98,last_block,I_mean,0.003326599652479802,0.0017725399035649996,-0.0015540597489148023
98,last_block,I_sparsity,0.9999868699482509,1.0,1.3130051749077332e-05
98,last_block,norm_g,78.6234599522182,63.79262669881185,-14.830833253406347
98,last_block,norm_gI,0.6685805533613477,0.2879469022154808,-0.3806336511458669
98,last_block,shrink_ratio,0.008448266089861323,0.0047391139057057505,-0.003709152184155572
99,head,I_mean,0.034965128504804203,0.009623971302062273,-0.02534115720274193
99,head,I_sparsity,0.9261256200926644,0.9988327026367188,0.07270708254405434
99,head,norm_g,89.48107256208148,72.06378936767578,-17.417283194405698
99,head,norm_gI,9.017352274485997,1.5221751530965169,-7.495177121389481
99,head,shrink_ratio,0.1003448825913191,0.0214231267639915,-0.0789217558273276
99,last_block,I_mean,0.0031754823202001198,0.0014100483191820483,-0.0017654340010180714
99,last_block,I_sparsity,0.9998752645083836,1.0,0.00012473549161640118
99,last_block,norm_g,78.63266100202289,69.65062840779622,-8.982032594226666
99,last_block,norm_gI,0.7084596795695168,0.3026214838027954,-0.4058381957667214
99,last_block,shrink_ratio,0.008697411973691156,0.004389539705356481,-0.004307872268334675
